{"matches": [["4", 0.53, 1000, 0.9803921568627451], ["1", 0.514, 1000, 0.9803921568627451], ["8", 0.512, 1000, 0.9803921568627451], ["3", 0.501, 1000, 0.9803921568627451], ["7", 0.492, 1000, 0.9803921568627451], ["2", 0.49, 1000, 0.9803921568627451], ["5", 0.487, 1000, 0.9803921568627451], ["6", 0.484, 1000, 0.9803921568627451], ["10", 0.476, 1000, 0.9803921568627451], ["9", 0.474, 1000, 0.9803921568627451]], "interpretation": {"case": 3, "text": "Ambiguous sample: Sample might contain mixture of DNA or contamination"}, "percent_heterozygosity": 0.0, "overlap": [1.02, 1020]}